10cc	http://streaming.exclusive.radio/er/10cc/icecast.audio	0
10cc	http://streaming.exclusive.radio/er/10cc/icecast.audio	0
50 Cent	http://streaming.exclusive.radio/er/50cent/icecast.audio	0
A-Ha	http://streaming.exclusive.radio/er/aha/icecast.audio	0
ABBA	http://streaming.exclusive.radio/er/abba/icecast.audio	0
AC/DC	http://streaming.exclusive.radio/er/acdc/icecast.audio	0
Adam Lambert	http://streaming.exclusive.radio/er/adamlambert/icecast.audio	0
Adele	http://streaming.exclusive.radio/er/adele/icecast.audio	0
Aerosmith	http://streaming.exclusive.radio/er/aerosmith/icecast.audio	0
Afrobeats	http://streaming.exclusive.radio/er/afrobeats/icecast.audio	0
Al Green	http://streaming.exclusive.radio/er/algreen/icecast.audio	0
Alabama	http://streaming.exclusive.radio/er/alabama/icecast.audio	0
Alanis Morissette	http://streaming.exclusive.radio/er/alanismorissette/icecast.audio	0
Alice Cooper	http://streaming.exclusive.radio/er/alicecooper/icecast.audio	0
Alison Moyet	http://streaming.exclusive.radio/er/alisonmoyet/icecast.audio	0
America	http://streaming.exclusive.radio/er/america/icecast.audio	0
Amy Winehouse	http://streaming.exclusive.radio/er/amywinehouse/icecast.audio	0
Andrea Bocelli	http://streaming.exclusive.radio/er/andreabocelli/icecast.audio	0
Andy Williams	http://streaming.exclusive.radio/er/andywilliams/icecast.audio	0
Annie Lennox	http://streaming.exclusive.radio/er/annielennox/icecast.audio	0
Aretha Franklin	http://streaming.exclusive.radio/er/arethafranklin/icecast.audio	0
Ariana Grande	http://streaming.exclusive.radio/er/arianagrande/icecast.audio	0
Avicii	http://streaming.exclusive.radio/er/avicii/icecast.audio	0
B.B. King	http://streaming.exclusive.radio/er/bbking/icecast.audio	0
Backstreet Boys	http://streaming.exclusive.radio/er/backstreetboys/icecast.audio	0
Barbra Streisand	http://streaming.exclusive.radio/er/streisand/icecast.audio	0
Barry Manilow	http://streaming.exclusive.radio/er/barrymanilow/icecast.audio	0
Barry White	http://streaming.exclusive.radio/er/barrywhite/icecast.audio	0
The Beach Boys	http://streaming.exclusive.radio/er/beachboys/icecast.audio	0
Beastie Boys	http://streaming.exclusive.radio/er/beastieboys/icecast.audio	0
The Beatles	http://streaming.exclusive.radio/er/beatles/icecast.audio	0
The Bee Gees	http://streaming.exclusive.radio/er/beegees/icecast.audio	0
Belinda Carlisle	http://streaming.exclusive.radio/er/belindacarlisle/icecast.audio	0
Beyonce	http://streaming.exclusive.radio/er/beyonce/icecast.audio	0
Bill Withers	http://streaming.exclusive.radio/er/billwithers/icecast.audio	0
Billie Eilish	http://streaming.exclusive.radio/er/billyeilish/icecast.audio	0
Billy Idol	http://streaming.exclusive.radio/er/billyidol/icecast.audio	0
Billy Joel	http://streaming.exclusive.radio/er/billyjoel/icecast.audio	0
Bing Crosby	http://streaming.exclusive.radio/er/bingcrosby/icecast.audio	0
The Black Crowes	http://streaming.exclusive.radio/er/theblackcrowes/icecast.audio	0
Black Sabbath	http://streaming.exclusive.radio/er/blacksabbath/icecast.audio	0
Blondie	http://streaming.exclusive.radio/er/blondie/icecast.audio	0
Blur	http://streaming.exclusive.radio/er/blur/icecast.audio	0
Bo Diddley	http://streaming.exclusive.radio/er/bodiddley/icecast.audio	0
Bob Dylan	http://streaming.exclusive.radio/er/bobdylan/icecast.audio	0
Bob Marley	http://streaming.exclusive.radio/er/bobmarley/icecast.audio	0
Bob Seger	http://streaming.exclusive.radio/er/bobseger/icecast.audio	0
Bollywood	http://streaming.exclusive.radio/er/bollywood/icecast.audio	0
Bon Jovi	http://streaming.exclusive.radio/er/bonjovi/icecast.audio	0
Booker T & The MG's	http://streaming.exclusive.radio/er/bookert/icecast.audio	0
Boston	http://streaming.exclusive.radio/er/boston/icecast.audio	0
Brantley Gilbert	http://streaming.exclusive.radio/er/brantleygilbert/icecast.audio	0
Bread	http://streaming.exclusive.radio/er/bread/icecast.audio	0
Britney Spears	http://streaming.exclusive.radio/er/britney/icecast.audio	0
Bruce Springsteen	http://streaming.exclusive.radio/er/springsteen/icecast.audio	0
Bruno Mars	http://streaming.exclusive.radio/er/brunomars/icecast.audio	0
Bryan Adams	http://streaming.exclusive.radio/er/bryanadams/icecast.audio	0
Bryan Ferry	http://streaming.exclusive.radio/er/bryanferry/icecast.audio	0
Buddy Guy	http://streaming.exclusive.radio/er/buddyguy/icecast.audio	0
Buddy Holly	http://streaming.exclusive.radio/er/buddyholly/icecast.audio	0
The Byrds	http://streaming.exclusive.radio/er/thebyrds/icecast.audio	0
Calvin Harris	http://streaming.exclusive.radio/er/calvinharris/icecast.audio	0
Camilla Cabello	http://streaming.exclusive.radio/er/camilacabello/icecast.audio	0
Cardi B	http://streaming.exclusive.radio/er/cardib/icecast.audio	0
Carly Simon	http://streaming.exclusive.radio/er/carlysimon/icecast.audio	0
Carole King	http://streaming.exclusive.radio/er/caroleking/icecast.audio	0
The Carpenters	http://streaming.exclusive.radio/er/carpenters/icecast.audio	0
Cat Stevens	http://streaming.exclusive.radio/er/catstevens/icecast.audio	0
Celine Dion	http://streaming.exclusive.radio/er/celinedion/icecast.audio	0
Charley Pride	http://streaming.exclusive.radio/er/charleypride/icecast.audio	0
Charlie Parker	http://streaming.exclusive.radio/er/charlieparker/icecast.audio	0
Chart	http://streaming.exclusive.radio/er/chart/icecast.audio	0
Cher	http://streaming.exclusive.radio/er/cher/icecast.audio	0
Chic	http://streaming.exclusive.radio/er/chic/icecast.audio	0
Chicago	http://streaming.exclusive.radio/er/chicago/icecast.audio	0
Chris Rea	http://streaming.exclusive.radio/er/chrisrea/icecast.audio	0
Christmas Carols	http://streaming.exclusive.radio/er/christmascarols/icecast.audio	0
Christmas Pop	http://streaming.exclusive.radio/er/christmaspop/icecast.audio	0
Chuck Berry	http://streaming.exclusive.radio/er/chuckberry/icecast.audio	0
Cliff Richard	http://streaming.exclusive.radio/er/cliffrichard/icecast.audio	0
Coldplay	http://streaming.exclusive.radio/er/coldplay/icecast.audio	0
Creedence Clearwater Revival	http://streaming.exclusive.radio/er/creedence/icecast.audio	0
Crosby Stills Nash and Young	http://streaming.exclusive.radio/er/csny/icecast.audio	0
Crowded House	http://streaming.exclusive.radio/er/crowdedhouse/icecast.audio	0
Curtis Mayfield	http://streaming.exclusive.radio/er/curtismayfield/icecast.audio	0
Daft Punk	http://streaming.exclusive.radio/er/daftpunk/icecast.audio	0
Dave Brubeck	http://streaming.exclusive.radio/er/davebrubeck/icecast.audio	0
David Bowie	http://streaming.exclusive.radio/er/davidbowie/icecast.audio	0
Dean Martin	http://streaming.exclusive.radio/er/deanmartin/icecast.audio	0
Deep Purple	http://streaming.exclusive.radio/er/deeppurple/icecast.audio	0
Def Leppard	http://streaming.exclusive.radio/er/defleppard/icecast.audio	0
Depeche Mode	http://streaming.exclusive.radio/er/depechemode/icecast.audio	0
Diana Krall	http://streaming.exclusive.radio/er/dianakrall/icecast.audio	0
Diana Ross	http://streaming.exclusive.radio/er/dianaross/icecast.audio	0
Dionne Warwick	http://streaming.exclusive.radio/er/dionnewarwick/icecast.audio	0
Dire Straits	http://streaming.exclusive.radio/er/direstraits/icecast.audio	0
Disco	http://streaming.exclusive.radio/er/disco/icecast.audio	0
Dolly Parton	http://streaming.exclusive.radio/er/dollyparton/icecast.audio	0
Donna Summer	http://streaming.exclusive.radio/er/donnasummer/icecast.audio	0
The Doors	http://streaming.exclusive.radio/er/doors/icecast.audio	0
Dr Hook	http://streaming.exclusive.radio/er/drhook/icecast.audio	0
Dr. Dre	http://streaming.exclusive.radio/er/drdre/icecast.audio	0
Drake	http://streaming.exclusive.radio/er/drake/icecast.audio	0
Dua Lipa	http://streaming.exclusive.radio/er/dualipa/icecast.audio	0
The Dubliners	http://streaming.exclusive.radio/er/thedubliners/icecast.audio	0
Duke Ellington	http://streaming.exclusive.radio/er/dukeellington/icecast.audio	0
Duran Duran	http://streaming.exclusive.radio/er/duranduran/icecast.audio	0
Eagles	http://streaming.exclusive.radio/er/eagles/icecast.audio	0
Ed Sheeran	http://streaming.exclusive.radio/er/edsheeran/icecast.audio	0
Electric Light Orchestra	http://streaming.exclusive.radio/er/elo/icecast.audio	0
Ella Fitzgerald	http://streaming.exclusive.radio/er/ellafitzgerald/icecast.audio	0
Elton John	http://streaming.exclusive.radio/er/eltonjohn/icecast.audio	0
Elvis Presley	http://streaming.exclusive.radio/er/elvispresley/icecast.audio	0
Eminem	http://streaming.exclusive.radio/er/eminem/icecast.audio	0
Engelbert Humperdinck	http://streaming.exclusive.radio/er/engelberthumperdinck/icecast.audio	0
Enrique Iglesias	http://streaming.exclusive.radio/er/enriqueiglesias/icecast.audio	0
Erasure	http://streaming.exclusive.radio/er/erasure/icecast.audio	0
Eric Clapton	http://streaming.exclusive.radio/er/ericclapton/icecast.audio	0
Etta James	http://streaming.exclusive.radio/er/ettajames/icecast.audio	0
Eurythmics	http://streaming.exclusive.radio/er/eurythmics/icecast.audio	0
Eva Cassidy	http://streaming.exclusive.radio/er/evacassidy/icecast.audio	0
The Everly Brothers	http://streaming.exclusive.radio/er/everlybrothers/icecast.audio	0
Fats Domino	http://streaming.exclusive.radio/er/fatsdomino/icecast.audio	0
Fleetwood Mac	http://streaming.exclusive.radio/er/fleetwoodmac/icecast.audio	0
Florida Georgia Line	http://streaming.exclusive.radio/er/floridageorgialine/icecast.audio	0
Foo Fighters	http://streaming.exclusive.radio/er/foofighters/icecast.audio	0
Foreigner	http://streaming.exclusive.radio/er/foreigner/icecast.audio	0
The Four Tops	http://streaming.exclusive.radio/er/fourtops/icecast.audio	0
Frank Sinatra	http://streaming.exclusive.radio/er/franksinatra/icecast.audio	0
Garth Brooks	http://streaming.exclusive.radio/er/garthbrooks/icecast.audio	0
Genesis	http://streaming.exclusive.radio/er/genesis/icecast.audio	0
George Benson	http://streaming.exclusive.radio/er/georgebenson/icecast.audio	0
George Ezra	http://streaming.exclusive.radio/er/georgeezra/icecast.audio	0
George Harrison	http://streaming.exclusive.radio/er/georgeharrison/icecast.audio	0
George Jones	http://streaming.exclusive.radio/er/georgejones/icecast.audio	0
George Michael	http://streaming.exclusive.radio/er/georgemichael/icecast.audio	0
George Strait	http://streaming.exclusive.radio/er/georgestrait/icecast.audio	0
Glen Campbell	http://streaming.exclusive.radio/er/glencampbell/icecast.audio	0
Glenn Miller	http://streaming.exclusive.radio/er/glennmiller/icecast.audio	0
Gloria Estefan	http://streaming.exclusive.radio/er/gloriaestefan/icecast.audio	0
Grateful Dead	http://streaming.exclusive.radio/er/gratefuldead/icecast.audio	0
Green Day	http://streaming.exclusive.radio/er/greenday/icecast.audio	0
Gregory Porter	http://streaming.exclusive.radio/er/gregoryporter/icecast.audio	0
Guns N' Roses	http://streaming.exclusive.radio/er/gunsnroses/icecast.audio	0
Hank Williams	http://streaming.exclusive.radio/er/hankwilliams/icecast.audio	0
Harry Styles	http://streaming.exclusive.radio/er/harrystyles/icecast.audio	0
Herbie Hancock	http://streaming.exclusive.radio/er/herbiehancock/icecast.audio	0
Hollywood & Broadway Musicals	http://streaming.exclusive.radio/er/hollywoodandbroadway/icecast.audio	0
Howlin Wolf	http://streaming.exclusive.radio/er/howlinwolf/icecast.audio	0
The Human League	http://streaming.exclusive.radio/er/humanleague/icecast.audio	0
Huey Lewis & The News	http://streaming.exclusive.radio/er/hueylewis/icecast.audio	0
Imagine Dragons	http://streaming.exclusive.radio/er/imaginedragons/icecast.audio	0
INXS	http://streaming.exclusive.radio/er/INXS/icecast.audio	0
Iron Maiden	http://streaming.exclusive.radio/er/ironmaiden/icecast.audio	0
Italy	http://streaming.exclusive.radio/er/italy/icecast.audio	0
J J Cale	http://streaming.exclusive.radio/er/jjcale/icecast.audio	0
J-Pop	http://streaming.exclusive.radio/er/jpop/icecast.audio	0
Jack Johnson	http://streaming.exclusive.radio/er/jackjohnson/icecast.audio	0
Jackson Browne	http://streaming.exclusive.radio/er/jacksonbrowne/icecast.audio	0
James Blunt	http://streaming.exclusive.radio/er/jamesblunt/icecast.audio	0
James Brown	http://streaming.exclusive.radio/er/jamesbrown/icecast.audio	0
James Taylor	http://streaming.exclusive.radio/er/jamestaylor/icecast.audio	0
Jamie Cullum	http://streaming.exclusive.radio/er/jamiecullum/icecast.audio	0
Janet Jackson	http://streaming.exclusive.radio/er/janetjackson/icecast.audio	0
Jaques Loussier	http://streaming.exclusive.radio/er/jaquesloussier/icecast.audio	0
JAY-Z	http://streaming.exclusive.radio/er/jay-z/icecast.audio	0
Jefferson Airplane	http://streaming.exclusive.radio/er/jeffersonairplane/icecast.audio	0
Jennifer Lopez	http://streaming.exclusive.radio/er/jenniferlopez/icecast.audio	0
Jerry Lee Lewis	http://streaming.exclusive.radio/er/jerryleelewis/icecast.audio	0
Jethro Tull	http://streaming.exclusive.radio/er/jethrotull/icecast.audio	0
Jim Reeves	http://streaming.exclusive.radio/er/jimreeves/icecast.audio	0
Jimi Hendrix	http://streaming.exclusive.radio/er/hendrix/icecast.audio	0
Joan Baez	http://streaming.exclusive.radio/er/joanbaez/icecast.audio	0
Joan Jett	http://streaming.exclusive.radio/er/joanjett/icecast.audio	0
Joe Bonamassa	http://streaming.exclusive.radio/er/joebonamassa/icecast.audio	0
Joe Satriani	http://streaming.exclusive.radio/er/joesatriani/icecast.audio	0
John Coltrane	http://streaming.exclusive.radio/er/johncoltrane/icecast.audio	0
John Denver	http://streaming.exclusive.radio/er/johndenver/icecast.audio	0
John Lee Hooker	http://streaming.exclusive.radio/er/johnleehooker/icecast.audio	0
John Lennon	http://streaming.exclusive.radio/er/lennon/icecast.audio	0
John Mayall	http://streaming.exclusive.radio/er/johnmayall/icecast.audio	0
Johnny Cash	http://streaming.exclusive.radio/er/johnnycash/icecast.audio	0
Johnny Mathis	http://streaming.exclusive.radio/er/johnnymathis/icecast.audio	0
Johnny Nash	http://streaming.exclusive.radio/er/johnnynash/icecast.audio	0
Jonas Brothers	http://streaming.exclusive.radio/er/jonasbrothers/icecast.audio	0
Joni Mitchell	http://streaming.exclusive.radio/er/jonimitchell/icecast.audio	0
Josh Groban	http://streaming.exclusive.radio/er/joshgroban/icecast.audio	0
Journey	http://streaming.exclusive.radio/er/journey/icecast.audio	0
Justin Bieber	http://streaming.exclusive.radio/er/justinbieber/icecast.audio	0
Justin Timberlake	http://streaming.exclusive.radio/er/justintimberlake/icecast.audio	0
K-Pop	http://streaming.exclusive.radio/er/kpop/icecast.audio	0
Kanye West	http://streaming.exclusive.radio/er/kanyewest/icecast.audio	0
Kate Bush	http://streaming.exclusive.radio/er/katebush/icecast.audio	0
Katy Perry	http://streaming.exclusive.radio/er/katyperry/icecast.audio	0
Keane	http://streaming.exclusive.radio/er/keane/icecast.audio	0
Keith Urban	http://streaming.exclusive.radio/er/keithurban/icecast.audio	0
Kelly Clarkson	http://streaming.exclusive.radio/er/kellyclarkson/icecast.audio	0
Kendrick Lamar	http://streaming.exclusive.radio/er/kendricklamar/icecast.audio	0
Kenny Chesney	http://streaming.exclusive.radio/er/kennychesney/icecast.audio	0
Kenny G	http://streaming.exclusive.radio/er/kennyg/icecast.audio	0
Kenny Rogers	http://streaming.exclusive.radio/er/kennyrogers/icecast.audio	0
KISS	http://streaming.exclusive.radio/er/kiss/icecast.audio	0
Kylie Minogue	http://streaming.exclusive.radio/er/kylie/icecast.audio	0
Lady A	http://streaming.exclusive.radio/er/ladyantebellum/icecast.audio	0
Lady Gaga	http://streaming.exclusive.radio/er/ladygaga/icecast.audio	0
Led Zeppelin	http://streaming.exclusive.radio/er/ledzeppelin/icecast.audio	0
Leonard Cohen	http://streaming.exclusive.radio/er/leonardcohen/icecast.audio	0
Lewis Capaldi	http://streaming.exclusive.radio/er/lewiscapaldi/icecast.audio	0
Lionel Richie	http://streaming.exclusive.radio/er/lionelrichie/icecast.audio	0
Little Feat	http://streaming.exclusive.radio/er/littlefeat/icecast.audio	0
Little Mix	http://streaming.exclusive.radio/er/littlemix/icecast.audio	0
Little Richard	http://streaming.exclusive.radio/er/littlerichard/icecast.audio	0
Lorde	http://streaming.exclusive.radio/er/lorde/icecast.audio	0
Loretta Lynn	http://streaming.exclusive.radio/er/lorettalynn/icecast.audio	0
Louis Armstrong	http://streaming.exclusive.radio/er/louisarmstrong/icecast.audio	0
Luke Bryan	http://streaming.exclusive.radio/er/lukebryan/icecast.audio	0
Madonna	http://streaming.exclusive.radio/er/madonna/icecast.audio	0
Mariah Carey	http://streaming.exclusive.radio/er/mariahcarey/icecast.audio	0
Maroon 5	http://streaming.exclusive.radio/er/maroon5/icecast.audio	0
Marvin Gaye	http://streaming.exclusive.radio/er/marvingaye/icecast.audio	0
Mary J. Blige	http://streaming.exclusive.radio/er/maryjblige/icecast.audio	0
Matt Monro	http://streaming.exclusive.radio/er/mattmonro/icecast.audio	0
Meat Loaf	http://streaming.exclusive.radio/er/meatloaf/icecast.audio	0
Merle Haggard	http://streaming.exclusive.radio/er/merlehaggard/icecast.audio	0
Metallica	http://streaming.exclusive.radio/er/metallica/icecast.audio	0
Michael Bolton	http://streaming.exclusive.radio/er/michaelbolton/icecast.audio	0
Michael Buble	http://streaming.exclusive.radio/er/michaelbuble/icecast.audio	0
Michael Jackson	http://streaming.exclusive.radio/er/michaeljackson/icecast.audio	0
Mike And The Mechanics	http://streaming.exclusive.radio/er/mikeandthemechanics/icecast.audio	0
Miles Davis	http://streaming.exclusive.radio/er/milesdavis/icecast.audio	0
Miley Cyrus	http://streaming.exclusive.radio/er/mileycyrus/icecast.audio	0
Moby	http://streaming.exclusive.radio/er/moby/icecast.audio	0
Muddy Waters	http://streaming.exclusive.radio/er/muddywaters/icecast.audio	0
Nat King Cole	http://streaming.exclusive.radio/er/natkingcole/icecast.audio	0
Neil Diamond	http://streaming.exclusive.radio/er/neildiamond/icecast.audio	0
Neil Young	http://streaming.exclusive.radio/er/neilyoung/icecast.audio	0
New Order	http://streaming.exclusive.radio/er/neworder/icecast.audio	0
Niall Horan	http://streaming.exclusive.radio/er/niallhoran/icecast.audio	0
Nickelback	http://streaming.exclusive.radio/er/nickelback/icecast.audio	0
Nicki Minaj	http://streaming.exclusive.radio/er/nickiminaj/icecast.audio	0
Nina Simone	http://streaming.exclusive.radio/er/ninasimone/icecast.audio	0
Nirvana	http://streaming.exclusive.radio/er/nirvana/icecast.audio	0
Norah Jones	http://streaming.exclusive.radio/er/norahjones/icecast.audio	0
Oasis	http://streaming.exclusive.radio/er/oasis/icecast.audio	0
Olivia Newton John	http://streaming.exclusive.radio/er/onj/icecast.audio	0
One Direction	http://streaming.exclusive.radio/er/onedirection/icecast.audio	0
Otis Redding	http://streaming.exclusive.radio/er/otisredding/icecast.audio	0
Party	http://streaming.exclusive.radio/er/party/icecast.audio	0
Patsy Cline	http://streaming.exclusive.radio/er/patsycline/icecast.audio	0
Patti Smith	http://streaming.exclusive.radio/er/pattismith/icecast.audio	0
Paul McCartney	http://streaming.exclusive.radio/er/paulmccartney/icecast.audio	0
Paul Weller	http://streaming.exclusive.radio/er/paulweller/icecast.audio	0
Perry Como	http://streaming.exclusive.radio/er/perrycomo/icecast.audio	0
Pet Shop Boys	http://streaming.exclusive.radio/er/petshopboys/icecast.audio	0
Pete Seeger	http://streaming.exclusive.radio/er/peteseeger/icecast.audio	0
Peter Frampton	http://streaming.exclusive.radio/er/peterframpton/icecast.audio	0
Peter Green's Fleetwood Mac	http://streaming.exclusive.radio/er/pgfleetwood/icecast.audio	0
Phil Collins	http://streaming.exclusive.radio/er/philcollins/icecast.audio	0
Pink	http://streaming.exclusive.radio/er/pink/icecast.audio	0
Pink Floyd	http://streaming.exclusive.radio/er/pinkfloyd/icecast.audio	0
The Police	http://streaming.exclusive.radio/er/police/icecast.audio	0
Post Malone	http://streaming.exclusive.radio/er/postmalone/icecast.audio	0
The Pretenders	http://streaming.exclusive.radio/er/pretenders/icecast.audio	0
Prince	http://streaming.exclusive.radio/er/prince/icecast.audio	0
Pussycat Dolls	http://streaming.exclusive.radio/er/pussycatdolls/icecast.audio	0
Queen	http://streaming.exclusive.radio/er/queen/icecast.audio	0
R.E.M.	http://streaming.exclusive.radio/er/rem/icecast.audio	0
Ramones	http://streaming.exclusive.radio/er/ramones/icecast.audio	0
Randy Travis	http://streaming.exclusive.radio/er/randytravis/icecast.audio	0
Ray Charles	http://streaming.exclusive.radio/er/raycharles/icecast.audio	0
Reba McEntire	http://streaming.exclusive.radio/er/rebamcentire/icecast.audio	0
Red Hot Chili Peppers	http://streaming.exclusive.radio/er/chilipeppers/icecast.audio	0
Rihanna	http://streaming.exclusive.radio/er/rihanna/icecast.audio	0
Rita Ora	http://streaming.exclusive.radio/er/ritaora/icecast.audio	0
Robert Cray	http://streaming.exclusive.radio/er/robertcray/icecast.audio	0
Robert Palmer	http://streaming.exclusive.radio/er/robertpalmer/icecast.audio	0
Rock N' Roll Party	http://streaming.exclusive.radio/er/rocknrollparty/icecast.audio	0
Rod Stewart	http://streaming.exclusive.radio/er/rodstewart/icecast.audio	0
The Rolling Stones	http://streaming.exclusive.radio/er/rollingstones/icecast.audio	0
Rory Gallagher	http://streaming.exclusive.radio/er/rorygallagher/icecast.audio	0
Roxette	http://streaming.exclusive.radio/er/roxette/icecast.audio	0
Roy Orbison	http://streaming.exclusive.radio/er/royorbison/icecast.audio	0
Run-DMC	http://streaming.exclusive.radio/er/rundmc/icecast.audio	0
Rush	http://streaming.exclusive.radio/er/rush/icecast.audio	0
Sade	http://streaming.exclusive.radio/er/sade/icecast.audio	0
Sam Cooke	http://streaming.exclusive.radio/er/samcooke/icecast.audio	0
Sam Smith	http://streaming.exclusive.radio/er/samsmith/icecast.audio	0
Santana	http://streaming.exclusive.radio/er/santana/icecast.audio	0
Savage Garden	http://streaming.exclusive.radio/er/savagegarden/icecast.audio	0
Scorpions	http://streaming.exclusive.radio/er/scorpions/icecast.audio	0
Shakira	http://streaming.exclusive.radio/er/shakira/icecast.audio	0
Shania Twain	http://streaming.exclusive.radio/er/shaniatwain/icecast.audio	0
Shawn Mendes	http://streaming.exclusive.radio/er/shawnmendes/icecast.audio	0
Sheryl Crow	http://streaming.exclusive.radio/er/sherylcrow/icecast.audio	0
Sia	http://streaming.exclusive.radio/er/sia/icecast.audio	0
Simon & Garfunkel	http://streaming.exclusive.radio/er/simongarfunkle/icecast.audio	0
Simple Minds	http://streaming.exclusive.radio/er/simpleminds/icecast.audio	0
Small Faces	http://streaming.exclusive.radio/er/smallfaces/icecast.audio	0
Smokey Robinson	http://streaming.exclusive.radio/er/smokeyrobinson/icecast.audio	0
Snow Patrol	http://streaming.exclusive.radio/er/snowpatrol/icecast.audio	0
Spandau Ballet	http://streaming.exclusive.radio/er/spandauballet/icecast.audio	0
Steeleye Span	http://streaming.exclusive.radio/er/steeleyespan/icecast.audio	0
Steely Dan	http://streaming.exclusive.radio/er/steelydan/icecast.audio	0
The Steve Miller Band	http://streaming.exclusive.radio/er/stevemillerband/icecast.audio	0
Steve Winwood	http://streaming.exclusive.radio/er/stevewinwood/icecast.audio	0
Stevie Ray Vaughan	http://streaming.exclusive.radio/er/stevierayvaughan/icecast.audio	0
Stevie Wonder	http://streaming.exclusive.radio/er/steviewonder/icecast.audio	0
Sting	http://streaming.exclusive.radio/er/sting/icecast.audio	0
Stone Temple Pilots	http://streaming.exclusive.radio/er/stonetemplepilots/icecast.audio	0
Supertramp	http://streaming.exclusive.radio/er/supertramp/icecast.audio	0
Suzanne Vega	http://streaming.exclusive.radio/er/suzannevega/icecast.audio	0
T-Rex	http://streaming.exclusive.radio/er/trex/icecast.audio	0
Take That	http://streaming.exclusive.radio/er/takethat/icecast.audio	0
Talking Heads	http://streaming.exclusive.radio/er/talkingheads/icecast.audio	0
Tammy Wynette	http://streaming.exclusive.radio/er/tammywynette/icecast.audio	0
Taylor Swift	http://streaming.exclusive.radio/er/taylorswift/icecast.audio	0
Tears For Fears	http://streaming.exclusive.radio/er/tearsforfears/icecast.audio	0
The Temptations	http://streaming.exclusive.radio/er/thetemptations/icecast.audio	0
Texas	http://streaming.exclusive.radio/er/texas/icecast.audio	0
The 1975	http://streaming.exclusive.radio/er/the1975/icecast.audio	0
Thin Lizzy	http://streaming.exclusive.radio/er/thinlizzy/icecast.audio	0
Tick Tock Radio 1950	https://streaming.ticktock.radio/tt-app/1950/icecast.audio	0
Tick Tock Radio 1951	https://streaming.ticktock.radio/tt-app/1951/icecast.audio	0
Tim McGraw	http://streaming.exclusive.radio/er/timmcgraw/icecast.audio	0
Tina Turner	http://streaming.exclusive.radio/er/tinaturner/icecast.audio	0
Toby Keith	http://streaming.exclusive.radio/er/tobykeith/icecast.audio	0
Tom Jones	http://streaming.exclusive.radio/er/tomjones/icecast.audio	0
Tom Petty	http://streaming.exclusive.radio/er/tompetty/icecast.audio	0
Tom Waits	http://streaming.exclusive.radio/er/tomwaits/icecast.audio	0
Tony Bennett	http://streaming.exclusive.radio/er/tonybennett/icecast.audio	0
Toots And The Maytals	http://streaming.exclusive.radio/er/tootsandthemaytals/icecast.audio	0
Toto	http://streaming.exclusive.radio/er/toto/icecast.audio	0
Travis Scott	http://streaming.exclusive.radio/er/travisscott/icecast.audio	0
Twenty One Pilots	http://streaming.exclusive.radio/er/twentyonepilots/icecast.audio	0
U2	http://streaming.exclusive.radio/er/u2/icecast.audio	0
UB40	http://streaming.exclusive.radio/er/ub40/icecast.audio	0
Van Halen	http://streaming.exclusive.radio/er/vanhalen/icecast.audio	0
Van Morrison	http://streaming.exclusive.radio/er/vanmorrison/icecast.audio	0
The Velvet Underground	http://streaming.exclusive.radio/er/velvetunderground/icecast.audio	0
Waylon Jennings	http://streaming.exclusive.radio/er/waylonjennings/icecast.audio	0
The Weeknd	http://streaming.exclusive.radio/er/theweeknd/icecast.audio	0
Wham!	http://streaming.exclusive.radio/er/wham/icecast.audio	0
Whitney Houston	http://streaming.exclusive.radio/er/whitneyhouston/icecast.audio	0
The Who	http://streaming.exclusive.radio/er/thewho/icecast.audio	0
Willie Nelson	http://streaming.exclusive.radio/er/willienelson/icecast.audio	0
The Yardbirds	http://streaming.exclusive.radio/er/theyardbirds/icecast.audio	0
Yes	http://streaming.exclusive.radio/er/yes/icecast.audio	0
ZZ Top	http://streaming.exclusive.radio/er/zztop/icecast.audio	0
